ID,Name,Age,Department,Salary
1,Employee 1,21,Department 2,31000, 0
2,Employee 2,22,Department 3,32000, 0
3,Employee 3,23,Department 4,33000, 0
4,Employee 4,24,Department 5,34000, 0
5,Employee 5,25,Department 1,35000, 0
6,Employee 6,26,Department 2,36000, 0
7,Employee 7,27,Department 3,37000, 0
8,Employee 8,28,Department 4,38000, 0
9,Employee 9,29,Department 5,39000, 0
10,Employee 10,30,Department 1,40000, 0
11,Employee 11,31,Department 2,41000, 0
12,Employee 12,32,Department 3,42000, 0
13,Employee 13,33,Department 4,43000, 0
14,Employee 14,34,Department 5,44000, 0
15,Employee 15,35,Department 1,45000, 0
16,Employee 16,36,Department 2,46000, 0
17,Employee 17,37,Department 3,47000, 0
18,Employee 18,38,Department 4,48000, 0
19,Employee 19,39,Department 5,49000, 0
20,Employee 20,20,Department 1,50000, 0
21,Employee 21,21,Department 2,51000, 0
22,Employee 22,22,Department 3,52000, 0
23,Employee 23,23,Department 4,53000, 0
24,Employee 24,24,Department 5,54000, 0
25,Employee 25,25,Department 1,55000, 0
26,Employee 26,26,Department 2,56000, 0
27,Employee 27,27,Department 3,57000, 0
28,Employee 28,28,Department 4,58000, 0
29,Employee 29,29,Department 5,59000, 0
30,Employee 30,30,Department 1,60000, 0
